asset_id,category,variant,path,width,height,expected_width,expected_height,palette_colors,palette_limit,keyed_magenta,md5,size_ok,palette_ok
B1,background,source_fullcolor,source_fullcolor/backgrounds/B1_title.png,1280,896,1280,896,124281,,False,5b2d62bfcf6d7b5888dcbc87af22fee4,True,True
B1,background,target_fullcolor,target_fullcolor/backgrounds/B1_title.png,320,224,320,224,32369,,False,04f4bb9ccc8ff7b9eb54fe6660c83b7e,True,True
B1,background,saturn_ready,saturn_ready/backgrounds/B1_title.png,320,224,320,224,255,255,False,23b62876af613cb4b9c2b2a228fdbefb,True,True
B2,background,source_fullcolor,source_fullcolor/backgrounds/B2_game_table.png,1280,896,1280,896,88268,,False,3ad40b94e882b4c1403a8b14a8e5147e,True,True
B2,background,target_fullcolor,target_fullcolor/backgrounds/B2_game_table.png,320,224,320,224,19456,,False,2053f3926382f9c4e09f91427b48976a,True,True
B2,background,saturn_ready,saturn_ready/backgrounds/B2_game_table.png,320,224,320,224,255,255,False,3e7fdc713c77633efaadc24144681e44,True,True
B3,background,source_fullcolor,source_fullcolor/backgrounds/B3_lobby.png,1280,896,1280,896,88844,,False,ea921c040abcb47ba142db7e91d538e9,True,True
B3,background,target_fullcolor,target_fullcolor/backgrounds/B3_lobby.png,320,224,320,224,21578,,False,856df00b360c8c73e9e3931bd274a1c1,True,True
B3,background,saturn_ready,saturn_ready/backgrounds/B3_lobby.png,320,224,320,224,255,255,False,ea7f94c6c4eacaa2c2a6e544903fb9c9,True,True
B4,background,source_fullcolor,source_fullcolor/backgrounds/B4_connecting.png,1280,896,1280,896,103035,,False,3700c579ef60da560559a624e024d8b9,True,True
B4,background,target_fullcolor,target_fullcolor/backgrounds/B4_connecting.png,320,224,320,224,18741,,False,e78436f4fe1452c2e762bf1fcb67f782,True,True
B4,background,saturn_ready,saturn_ready/backgrounds/B4_connecting.png,320,224,320,224,255,255,False,db3f4419ec1f9bff90406b306e790d7f,True,True
B5,background,source_fullcolor,source_fullcolor/backgrounds/B5_victory.png,1280,896,1280,896,115094,,False,ba8fb322e6796ee096db10e4e43acf61,True,True
B5,background,target_fullcolor,target_fullcolor/backgrounds/B5_victory.png,320,224,320,224,27515,,False,49f65f5b9ef56d8c793821aa705d823b,True,True
B5,background,saturn_ready,saturn_ready/backgrounds/B5_victory.png,320,224,320,224,255,255,False,b698de64063c9c5ea39dbdf13e2d6e14,True,True
B6,background,source_fullcolor,source_fullcolor/backgrounds/B6_defeat.png,1280,896,1280,896,65486,,False,a54889726396a8cbbc208b9dc75c24c6,True,True
B6,background,target_fullcolor,target_fullcolor/backgrounds/B6_defeat.png,320,224,320,224,15452,,False,16907d0c7e348b1ff40ad598be432c4b,True,True
B6,background,saturn_ready,saturn_ready/backgrounds/B6_defeat.png,320,224,320,224,255,255,False,d9edf05a9823f6781c38320b950d64b0,True,True
B7,background,source_fullcolor,source_fullcolor/backgrounds/B7_rules.png,1280,896,1280,896,40944,,False,50c914c5008c275970c06cb4457e7e49,True,True
B7,background,target_fullcolor,target_fullcolor/backgrounds/B7_rules.png,320,224,320,224,10801,,False,dc5985d254894484f8cb05ccf54a3e92,True,True
B7,background,saturn_ready,saturn_ready/backgrounds/B7_rules.png,320,224,320,224,255,255,False,0471a273ea7631d98c49a60f4b2eee81,True,True
P_DUKE_01,portrait_frame,source_fullcolor,source_fullcolor/portraits/duke/P_duke_f01.png,512,768,512,768,161296,,False,39796c700c5578e9d5318ff6f1653872,True,True
P_DUKE_01,portrait_frame,target_fullcolor,target_fullcolor/portraits/duke/P_duke_f01.png,64,96,64,96,5776,,False,033e1b3d2d37b53ba8aa031cfaa190b4,True,True
P_DUKE_01,portrait_frame,saturn_ready,saturn_ready/portraits/duke/P_duke_f01.png,64,96,64,96,15,15,False,eec3eb7cce2906d87cb9940a52424b01,True,True
P_DUKE_02,portrait_frame,source_fullcolor,source_fullcolor/portraits/duke/P_duke_f02.png,512,768,512,768,160468,,False,6328990cf6e9913ff5a82295183f6690,True,True
P_DUKE_02,portrait_frame,target_fullcolor,target_fullcolor/portraits/duke/P_duke_f02.png,64,96,64,96,5805,,False,d61ec208fc7ca1a2b3d302d29c891c87,True,True
P_DUKE_02,portrait_frame,saturn_ready,saturn_ready/portraits/duke/P_duke_f02.png,64,96,64,96,15,15,False,882293a6344d3d91596c4fa4afe5fae5,True,True
P_DUKE_03,portrait_frame,source_fullcolor,source_fullcolor/portraits/duke/P_duke_f03.png,512,768,512,768,161698,,False,cba1b8bd33751decbf30e6c411a88fd5,True,True
P_DUKE_03,portrait_frame,target_fullcolor,target_fullcolor/portraits/duke/P_duke_f03.png,64,96,64,96,5764,,False,978ef3db86419a7cdaf90da385fe737f,True,True
P_DUKE_03,portrait_frame,saturn_ready,saturn_ready/portraits/duke/P_duke_f03.png,64,96,64,96,15,15,False,a45d2f021454313bc44289593411d56f,True,True
P_DUKE_04,portrait_frame,source_fullcolor,source_fullcolor/portraits/duke/P_duke_f04.png,512,768,512,768,160094,,False,2ca0ea484e500a61d73b460d9c6e95ef,True,True
P_DUKE_04,portrait_frame,target_fullcolor,target_fullcolor/portraits/duke/P_duke_f04.png,64,96,64,96,5759,,False,01d2db79522b5bb174ac7dc79a7da1d9,True,True
P_DUKE_04,portrait_frame,saturn_ready,saturn_ready/portraits/duke/P_duke_f04.png,64,96,64,96,15,15,False,e69bbf87cde4df807dceeb3d45375755,True,True
P_DUKE_05,portrait_frame,source_fullcolor,source_fullcolor/portraits/duke/P_duke_f05.png,512,768,512,768,162428,,False,6b8c80eea04e1522e89e7f09e8a1c342,True,True
P_DUKE_05,portrait_frame,target_fullcolor,target_fullcolor/portraits/duke/P_duke_f05.png,64,96,64,96,5765,,False,c03e82c49bbfbc078004361346fcd201,True,True
P_DUKE_05,portrait_frame,saturn_ready,saturn_ready/portraits/duke/P_duke_f05.png,64,96,64,96,15,15,False,1d54c4c31ef5fd487e630dbf243d9065,True,True
P_DUKE_06,portrait_frame,source_fullcolor,source_fullcolor/portraits/duke/P_duke_f06.png,512,768,512,768,159885,,False,42db666368938ed4c6085c1f3019b408,True,True
P_DUKE_06,portrait_frame,target_fullcolor,target_fullcolor/portraits/duke/P_duke_f06.png,64,96,64,96,5741,,False,8eda254d63496df1bcb6010b8c8f77b3,True,True
P_DUKE_06,portrait_frame,saturn_ready,saturn_ready/portraits/duke/P_duke_f06.png,64,96,64,96,15,15,False,9c61bb8131ac4939d0d0f95ecb28c06d,True,True
P_DUKE_07,portrait_frame,source_fullcolor,source_fullcolor/portraits/duke/P_duke_f07.png,512,768,512,768,162304,,False,c638d852e3edb5b163b097db61c1d143,True,True
P_DUKE_07,portrait_frame,target_fullcolor,target_fullcolor/portraits/duke/P_duke_f07.png,64,96,64,96,5786,,False,76429211385d73c6e9ccf9b0a8218313,True,True
P_DUKE_07,portrait_frame,saturn_ready,saturn_ready/portraits/duke/P_duke_f07.png,64,96,64,96,15,15,False,336ab888856149440ef093dd7a050c2a,True,True
P_DUKE_08,portrait_frame,source_fullcolor,source_fullcolor/portraits/duke/P_duke_f08.png,512,768,512,768,160332,,False,4c9cea0b31127f92791ccd3d03c24b5c,True,True
P_DUKE_08,portrait_frame,target_fullcolor,target_fullcolor/portraits/duke/P_duke_f08.png,64,96,64,96,5756,,False,be3c3c9c56c82798730d499be3669dac,True,True
P_DUKE_08,portrait_frame,saturn_ready,saturn_ready/portraits/duke/P_duke_f08.png,64,96,64,96,15,15,False,1846e9d5135ccb6a10b3475388c5e7a8,True,True
P_ASSASSIN_01,portrait_frame,source_fullcolor,source_fullcolor/portraits/assassin/P_assassin_f01.png,512,768,512,768,112064,,False,c314a1033d8bb0a61ac536e9084f03b5,True,True
P_ASSASSIN_01,portrait_frame,target_fullcolor,target_fullcolor/portraits/assassin/P_assassin_f01.png,64,96,64,96,4487,,False,2e3f80011b9c4e57ee1489760284def9,True,True
P_ASSASSIN_01,portrait_frame,saturn_ready,saturn_ready/portraits/assassin/P_assassin_f01.png,64,96,64,96,15,15,False,36954dd9fe08f1024731041efe4a74e6,True,True
P_ASSASSIN_02,portrait_frame,source_fullcolor,source_fullcolor/portraits/assassin/P_assassin_f02.png,512,768,512,768,110669,,False,ae6da1f453a3d06141a1627e7f5b6828,True,True
P_ASSASSIN_02,portrait_frame,target_fullcolor,target_fullcolor/portraits/assassin/P_assassin_f02.png,64,96,64,96,4464,,False,64d71dc314dad8f6ff57fcb8030996a2,True,True
P_ASSASSIN_02,portrait_frame,saturn_ready,saturn_ready/portraits/assassin/P_assassin_f02.png,64,96,64,96,15,15,False,8045fcf6c5923a0fd55636509c8efe9f,True,True
P_ASSASSIN_03,portrait_frame,source_fullcolor,source_fullcolor/portraits/assassin/P_assassin_f03.png,512,768,512,768,110578,,False,781254e0d126c4d34c4827cda0c923ed,True,True
P_ASSASSIN_03,portrait_frame,target_fullcolor,target_fullcolor/portraits/assassin/P_assassin_f03.png,64,96,64,96,4473,,False,3cf20734c97decd4a8b856a164cd9450,True,True
P_ASSASSIN_03,portrait_frame,saturn_ready,saturn_ready/portraits/assassin/P_assassin_f03.png,64,96,64,96,15,15,False,1fdc52529e2b71ddc48555ed227ea281,True,True
P_ASSASSIN_04,portrait_frame,source_fullcolor,source_fullcolor/portraits/assassin/P_assassin_f04.png,512,768,512,768,111016,,False,28a48b77f3dcd7a5ef69b27f904a52e0,True,True
P_ASSASSIN_04,portrait_frame,target_fullcolor,target_fullcolor/portraits/assassin/P_assassin_f04.png,64,96,64,96,4477,,False,e4fb8692d5ae8ef0f3b0088917c8b197,True,True
P_ASSASSIN_04,portrait_frame,saturn_ready,saturn_ready/portraits/assassin/P_assassin_f04.png,64,96,64,96,15,15,False,8d5cdd92f37bda166f76cb3e48b3ddc2,True,True
P_ASSASSIN_05,portrait_frame,source_fullcolor,source_fullcolor/portraits/assassin/P_assassin_f05.png,512,768,512,768,110978,,False,5fd62cd754a7720b91a32ef7ca2cad8a,True,True
P_ASSASSIN_05,portrait_frame,target_fullcolor,target_fullcolor/portraits/assassin/P_assassin_f05.png,64,96,64,96,4433,,False,5f4f71a88aeb9e03543864aa6f90522a,True,True
P_ASSASSIN_05,portrait_frame,saturn_ready,saturn_ready/portraits/assassin/P_assassin_f05.png,64,96,64,96,15,15,False,366ad9484efed481cb60c3cf48bfd4e2,True,True
P_ASSASSIN_06,portrait_frame,source_fullcolor,source_fullcolor/portraits/assassin/P_assassin_f06.png,512,768,512,768,108473,,False,a310ba563dc086ea3a02c94b4bf235a4,True,True
P_ASSASSIN_06,portrait_frame,target_fullcolor,target_fullcolor/portraits/assassin/P_assassin_f06.png,64,96,64,96,4450,,False,07849bcc3aa2d282b5e7debd8f56f6ae,True,True
P_ASSASSIN_06,portrait_frame,saturn_ready,saturn_ready/portraits/assassin/P_assassin_f06.png,64,96,64,96,15,15,False,e464662c6911d6f76109831d0df2d8cf,True,True
P_ASSASSIN_07,portrait_frame,source_fullcolor,source_fullcolor/portraits/assassin/P_assassin_f07.png,512,768,512,768,110434,,False,b47b2073c7bf42e4b2e5332cc3f0dbcb,True,True
P_ASSASSIN_07,portrait_frame,target_fullcolor,target_fullcolor/portraits/assassin/P_assassin_f07.png,64,96,64,96,4483,,False,0b0fbb88059aa5a497e7b9931f29d400,True,True
P_ASSASSIN_07,portrait_frame,saturn_ready,saturn_ready/portraits/assassin/P_assassin_f07.png,64,96,64,96,15,15,False,f4d6da6cb6cf02fc61476572acf5bf93,True,True
P_ASSASSIN_08,portrait_frame,source_fullcolor,source_fullcolor/portraits/assassin/P_assassin_f08.png,512,768,512,768,109571,,False,075e01bddec766046c9bf8445e22c31f,True,True
P_ASSASSIN_08,portrait_frame,target_fullcolor,target_fullcolor/portraits/assassin/P_assassin_f08.png,64,96,64,96,4448,,False,210a471b1c41cabc9f4982ff3001fba1,True,True
P_ASSASSIN_08,portrait_frame,saturn_ready,saturn_ready/portraits/assassin/P_assassin_f08.png,64,96,64,96,15,15,False,1588d77ea5cc89c7cf3985edea2e280d,True,True
P_CAPTAIN_01,portrait_frame,source_fullcolor,source_fullcolor/portraits/captain/P_captain_f01.png,512,768,512,768,92050,,False,24cd161d5af21ba4d932f5b35c886452,True,True
P_CAPTAIN_01,portrait_frame,target_fullcolor,target_fullcolor/portraits/captain/P_captain_f01.png,64,96,64,96,4167,,False,aa9e3fb8ac203c3b88cb241dd878a920,True,True
P_CAPTAIN_01,portrait_frame,saturn_ready,saturn_ready/portraits/captain/P_captain_f01.png,64,96,64,96,15,15,False,f002b374208e26da7b4a604bdfb41c58,True,True
P_CAPTAIN_02,portrait_frame,source_fullcolor,source_fullcolor/portraits/captain/P_captain_f02.png,512,768,512,768,90536,,False,5ba2f74cd4ad224f1731b2e37c403c92,True,True
P_CAPTAIN_02,portrait_frame,target_fullcolor,target_fullcolor/portraits/captain/P_captain_f02.png,64,96,64,96,4152,,False,204f29f28382d422da251950d4fb2ead,True,True
P_CAPTAIN_02,portrait_frame,saturn_ready,saturn_ready/portraits/captain/P_captain_f02.png,64,96,64,96,15,15,False,a796eb7d691218c3af7a9566c7f5839a,True,True
P_CAPTAIN_03,portrait_frame,source_fullcolor,source_fullcolor/portraits/captain/P_captain_f03.png,512,768,512,768,89886,,False,8379d48914805681ac696c271663bbeb,True,True
P_CAPTAIN_03,portrait_frame,target_fullcolor,target_fullcolor/portraits/captain/P_captain_f03.png,64,96,64,96,4212,,False,86159293000b1fdb6430582170daecd9,True,True
P_CAPTAIN_03,portrait_frame,saturn_ready,saturn_ready/portraits/captain/P_captain_f03.png,64,96,64,96,15,15,False,4f2d4d0d4e016bf6403e3905b244bb75,True,True
P_CAPTAIN_04,portrait_frame,source_fullcolor,source_fullcolor/portraits/captain/P_captain_f04.png,512,768,512,768,90632,,False,64e79295f2e1d31db40249202d932516,True,True
P_CAPTAIN_04,portrait_frame,target_fullcolor,target_fullcolor/portraits/captain/P_captain_f04.png,64,96,64,96,4183,,False,a78b26dcb2d7d8b11f14b14c6c791494,True,True
P_CAPTAIN_04,portrait_frame,saturn_ready,saturn_ready/portraits/captain/P_captain_f04.png,64,96,64,96,15,15,False,d1823c375478d35f3feb4701fa10642b,True,True
P_CAPTAIN_05,portrait_frame,source_fullcolor,source_fullcolor/portraits/captain/P_captain_f05.png,512,768,512,768,90072,,False,3baade559efbf3cd1a85c793d7546fdf,True,True
P_CAPTAIN_05,portrait_frame,target_fullcolor,target_fullcolor/portraits/captain/P_captain_f05.png,64,96,64,96,4176,,False,ddc099376361a52995f23d2d942e2151,True,True
P_CAPTAIN_05,portrait_frame,saturn_ready,saturn_ready/portraits/captain/P_captain_f05.png,64,96,64,96,15,15,False,a7852b4a764f22dd93173661f4e30d07,True,True
P_CAPTAIN_06,portrait_frame,source_fullcolor,source_fullcolor/portraits/captain/P_captain_f06.png,512,768,512,768,90754,,False,3b4f4cd92cb29ceacb424a7b4fa966eb,True,True
P_CAPTAIN_06,portrait_frame,target_fullcolor,target_fullcolor/portraits/captain/P_captain_f06.png,64,96,64,96,4204,,False,7e85d22ca083ce58151d4a8fe1a3070b,True,True
P_CAPTAIN_06,portrait_frame,saturn_ready,saturn_ready/portraits/captain/P_captain_f06.png,64,96,64,96,15,15,False,239e027fb69a442ee62c53248685799d,True,True
P_CAPTAIN_07,portrait_frame,source_fullcolor,source_fullcolor/portraits/captain/P_captain_f07.png,512,768,512,768,90655,,False,28badb278b0ee8ba91a47919a6422a94,True,True
P_CAPTAIN_07,portrait_frame,target_fullcolor,target_fullcolor/portraits/captain/P_captain_f07.png,64,96,64,96,4239,,False,f7226ab436dceb3bc5f4132696c6258d,True,True
P_CAPTAIN_07,portrait_frame,saturn_ready,saturn_ready/portraits/captain/P_captain_f07.png,64,96,64,96,15,15,False,4330518e8337fc938b92947410247b91,True,True
P_CAPTAIN_08,portrait_frame,source_fullcolor,source_fullcolor/portraits/captain/P_captain_f08.png,512,768,512,768,90034,,False,e6c1b458e33b10967c4fdb22236b3aca,True,True
P_CAPTAIN_08,portrait_frame,target_fullcolor,target_fullcolor/portraits/captain/P_captain_f08.png,64,96,64,96,4167,,False,9fa1b24e1def92d27445aacb19f8327e,True,True
P_CAPTAIN_08,portrait_frame,saturn_ready,saturn_ready/portraits/captain/P_captain_f08.png,64,96,64,96,15,15,False,9c7687582191e5f2a5f30715320b5bbf,True,True
P_AMBASSADOR_01,portrait_frame,source_fullcolor,source_fullcolor/portraits/ambassador/P_ambassador_f01.png,512,768,512,768,138782,,False,fb478083fdf4c6e19e51a778bfe2c2e0,True,True
P_AMBASSADOR_01,portrait_frame,target_fullcolor,target_fullcolor/portraits/ambassador/P_ambassador_f01.png,64,96,64,96,5585,,False,e193ae88ea71c370f4a2770f50fab327,True,True
P_AMBASSADOR_01,portrait_frame,saturn_ready,saturn_ready/portraits/ambassador/P_ambassador_f01.png,64,96,64,96,15,15,False,bab31e6f9ce8a30556c51061d7c862ff,True,True
P_AMBASSADOR_02,portrait_frame,source_fullcolor,source_fullcolor/portraits/ambassador/P_ambassador_f02.png,512,768,512,768,139358,,False,3be1973cfa7d61c2e7ed96982865b9d5,True,True
P_AMBASSADOR_02,portrait_frame,target_fullcolor,target_fullcolor/portraits/ambassador/P_ambassador_f02.png,64,96,64,96,5550,,False,778f703e612a19d6aeae5dbb3d4661e5,True,True
P_AMBASSADOR_02,portrait_frame,saturn_ready,saturn_ready/portraits/ambassador/P_ambassador_f02.png,64,96,64,96,15,15,False,949f00a59f1a38126e2efe9d817b684c,True,True
P_AMBASSADOR_03,portrait_frame,source_fullcolor,source_fullcolor/portraits/ambassador/P_ambassador_f03.png,512,768,512,768,138228,,False,97e1d209230003f379dc223a391ca2b4,True,True
P_AMBASSADOR_03,portrait_frame,target_fullcolor,target_fullcolor/portraits/ambassador/P_ambassador_f03.png,64,96,64,96,5571,,False,d5ce7c42271a08c6b83aa53c951267c8,True,True
P_AMBASSADOR_03,portrait_frame,saturn_ready,saturn_ready/portraits/ambassador/P_ambassador_f03.png,64,96,64,96,15,15,False,3ed9e7f374ce491f76434b34f23ae707,True,True
P_AMBASSADOR_04,portrait_frame,source_fullcolor,source_fullcolor/portraits/ambassador/P_ambassador_f04.png,512,768,512,768,138345,,False,bfb2fb2983bce0057c4fc96059aef540,True,True
P_AMBASSADOR_04,portrait_frame,target_fullcolor,target_fullcolor/portraits/ambassador/P_ambassador_f04.png,64,96,64,96,5551,,False,017da714ae6246a4172579e8c38ef4c7,True,True
P_AMBASSADOR_04,portrait_frame,saturn_ready,saturn_ready/portraits/ambassador/P_ambassador_f04.png,64,96,64,96,15,15,False,87d08c26fa3f94148d4da86ce1b5eb15,True,True
P_AMBASSADOR_05,portrait_frame,source_fullcolor,source_fullcolor/portraits/ambassador/P_ambassador_f05.png,512,768,512,768,137488,,False,2ac03fe426d31e0b6a707b8f1f3404f3,True,True
P_AMBASSADOR_05,portrait_frame,target_fullcolor,target_fullcolor/portraits/ambassador/P_ambassador_f05.png,64,96,64,96,5540,,False,2e4ad5ef3996ef25a1aa9e8913f2924b,True,True
P_AMBASSADOR_05,portrait_frame,saturn_ready,saturn_ready/portraits/ambassador/P_ambassador_f05.png,64,96,64,96,15,15,False,ae22d9a754c27205548c36873d2ea475,True,True
P_AMBASSADOR_06,portrait_frame,source_fullcolor,source_fullcolor/portraits/ambassador/P_ambassador_f06.png,512,768,512,768,136859,,False,b3793e63d2a9d9b9c47ca169660a1568,True,True
P_AMBASSADOR_06,portrait_frame,target_fullcolor,target_fullcolor/portraits/ambassador/P_ambassador_f06.png,64,96,64,96,5570,,False,cf66151b18ef269753679c0f6675cb45,True,True
P_AMBASSADOR_06,portrait_frame,saturn_ready,saturn_ready/portraits/ambassador/P_ambassador_f06.png,64,96,64,96,15,15,False,119278f86354a362c89bf8823c66a2de,True,True
P_AMBASSADOR_07,portrait_frame,source_fullcolor,source_fullcolor/portraits/ambassador/P_ambassador_f07.png,512,768,512,768,136704,,False,8a5bf81a89d2ced66ee99cc2a8fcdad0,True,True
P_AMBASSADOR_07,portrait_frame,target_fullcolor,target_fullcolor/portraits/ambassador/P_ambassador_f07.png,64,96,64,96,5548,,False,29f47e0a3b0233e0c5fcd58a786a78ec,True,True
P_AMBASSADOR_07,portrait_frame,saturn_ready,saturn_ready/portraits/ambassador/P_ambassador_f07.png,64,96,64,96,15,15,False,799d2da5f58a9048c17425ca84b46f40,True,True
P_AMBASSADOR_08,portrait_frame,source_fullcolor,source_fullcolor/portraits/ambassador/P_ambassador_f08.png,512,768,512,768,136586,,False,bbe4523f81815133f98eb7c4370669a6,True,True
P_AMBASSADOR_08,portrait_frame,target_fullcolor,target_fullcolor/portraits/ambassador/P_ambassador_f08.png,64,96,64,96,5558,,False,481a54faf96b840a4cad771ea59a9ea8,True,True
P_AMBASSADOR_08,portrait_frame,saturn_ready,saturn_ready/portraits/ambassador/P_ambassador_f08.png,64,96,64,96,15,15,False,37f41866d2f29c42877379d9fffdb7e8,True,True
P_CONTESSA_01,portrait_frame,source_fullcolor,source_fullcolor/portraits/contessa/P_contessa_f01.png,512,768,512,768,87249,,False,0fd08183638d506a6b3792cb5c5521bf,True,True
P_CONTESSA_01,portrait_frame,target_fullcolor,target_fullcolor/portraits/contessa/P_contessa_f01.png,64,96,64,96,4259,,False,5038d756d265a039da6beda5ea5d41d9,True,True
P_CONTESSA_01,portrait_frame,saturn_ready,saturn_ready/portraits/contessa/P_contessa_f01.png,64,96,64,96,15,15,False,89fdff59b27acdac9fe2a3a1ab80f448,True,True
P_CONTESSA_02,portrait_frame,source_fullcolor,source_fullcolor/portraits/contessa/P_contessa_f02.png,512,768,512,768,86728,,False,34ac641dbce237be63acd5d64172b9be,True,True
P_CONTESSA_02,portrait_frame,target_fullcolor,target_fullcolor/portraits/contessa/P_contessa_f02.png,64,96,64,96,4237,,False,bef5514b72fb697f60c398c98d39b17e,True,True
P_CONTESSA_02,portrait_frame,saturn_ready,saturn_ready/portraits/contessa/P_contessa_f02.png,64,96,64,96,15,15,False,eca5c34bb21905d39926e81c8c230633,True,True
P_CONTESSA_03,portrait_frame,source_fullcolor,source_fullcolor/portraits/contessa/P_contessa_f03.png,512,768,512,768,88096,,False,46607b3a4c1ba3d9b2c892fd085a6e96,True,True
P_CONTESSA_03,portrait_frame,target_fullcolor,target_fullcolor/portraits/contessa/P_contessa_f03.png,64,96,64,96,4291,,False,38d9b3f5a77d91ef5fbda486a7f58150,True,True
P_CONTESSA_03,portrait_frame,saturn_ready,saturn_ready/portraits/contessa/P_contessa_f03.png,64,96,64,96,15,15,False,96877069055b9d909fa007873428709f,True,True
P_CONTESSA_04,portrait_frame,source_fullcolor,source_fullcolor/portraits/contessa/P_contessa_f04.png,512,768,512,768,86766,,False,5a0caffd63cdc74e890abe0a745ae926,True,True
P_CONTESSA_04,portrait_frame,target_fullcolor,target_fullcolor/portraits/contessa/P_contessa_f04.png,64,96,64,96,4252,,False,320dfdc4dc3836c3899fdc4adef508fd,True,True
P_CONTESSA_04,portrait_frame,saturn_ready,saturn_ready/portraits/contessa/P_contessa_f04.png,64,96,64,96,15,15,False,87f760e4545c51324e02193b9ad985ec,True,True
P_CONTESSA_05,portrait_frame,source_fullcolor,source_fullcolor/portraits/contessa/P_contessa_f05.png,512,768,512,768,86646,,False,08c3c39a1d75a08a42c3c10a48260195,True,True
P_CONTESSA_05,portrait_frame,target_fullcolor,target_fullcolor/portraits/contessa/P_contessa_f05.png,64,96,64,96,4251,,False,4c1d6596542f35b9bcadea67627aff3a,True,True
P_CONTESSA_05,portrait_frame,saturn_ready,saturn_ready/portraits/contessa/P_contessa_f05.png,64,96,64,96,15,15,False,f6d4ecd12255523bfe0913269f5a09ea,True,True
P_CONTESSA_06,portrait_frame,source_fullcolor,source_fullcolor/portraits/contessa/P_contessa_f06.png,512,768,512,768,86887,,False,7c7078abb318333342bb9e61d4328b6c,True,True
P_CONTESSA_06,portrait_frame,target_fullcolor,target_fullcolor/portraits/contessa/P_contessa_f06.png,64,96,64,96,4240,,False,db5c8fa38a303a7c04c75f7f8a17b7b1,True,True
P_CONTESSA_06,portrait_frame,saturn_ready,saturn_ready/portraits/contessa/P_contessa_f06.png,64,96,64,96,15,15,False,22ffd8278b7aaac3d4f4cb717683d8ae,True,True
P_CONTESSA_07,portrait_frame,source_fullcolor,source_fullcolor/portraits/contessa/P_contessa_f07.png,512,768,512,768,87721,,False,18f7a9b4f91ac479d1a78296d4297767,True,True
P_CONTESSA_07,portrait_frame,target_fullcolor,target_fullcolor/portraits/contessa/P_contessa_f07.png,64,96,64,96,4334,,False,f1ee00b0efdad3320df01a7975fe34b9,True,True
P_CONTESSA_07,portrait_frame,saturn_ready,saturn_ready/portraits/contessa/P_contessa_f07.png,64,96,64,96,15,15,False,5ecdeffc552db4bbdcaf1fe26d7034d6,True,True
P_CONTESSA_08,portrait_frame,source_fullcolor,source_fullcolor/portraits/contessa/P_contessa_f08.png,512,768,512,768,86002,,False,3719cbda9d25f229f6c75498ebbab5d6,True,True
P_CONTESSA_08,portrait_frame,target_fullcolor,target_fullcolor/portraits/contessa/P_contessa_f08.png,64,96,64,96,4189,,False,94648337e03965cb7e42ab685adceb9a,True,True
P_CONTESSA_08,portrait_frame,saturn_ready,saturn_ready/portraits/contessa/P_contessa_f08.png,64,96,64,96,15,15,False,e7fad40b95fefc5a33933fcaa4f7665e,True,True
C1,card,source_fullcolor,source_fullcolor/cards/C1_card_back.png,384,576,384,576,21603,,False,6eaaba5da7edd6ba5e707194501a57a5,True,True
C1,card,target_fullcolor,target_fullcolor/cards/C1_card_back.png,48,72,48,72,1422,,False,3b7513324019ace3a304eb6486878325,True,True
C1,card,saturn_ready,saturn_ready/cards/C1_card_back.png,48,72,48,72,15,15,False,97a2f81f23a041a5dcb66e1121c80d49,True,True
C2,card,source_fullcolor,source_fullcolor/cards/C2_duke.png,384,576,384,576,110149,,False,d06003be7161441a9262cf306f3e468b,True,True
C2,card,target_fullcolor,target_fullcolor/cards/C2_duke.png,48,72,48,72,3258,,False,5758ab87eab76f6e70bdc953d5aad8fe,True,True
C2,card,saturn_ready,saturn_ready/cards/C2_duke.png,48,72,48,72,15,15,False,2b60b65239892aec18efb5ec9761527e,True,True
C3,card,source_fullcolor,source_fullcolor/cards/C3_assassin.png,384,576,384,576,60207,,False,97c1f6ed3f75512e7ae0b7fb9038fd60,True,True
C3,card,target_fullcolor,target_fullcolor/cards/C3_assassin.png,48,72,48,72,2406,,False,6309a89add4c86fee921a9bf77bb5443,True,True
C3,card,saturn_ready,saturn_ready/cards/C3_assassin.png,48,72,48,72,15,15,False,6711fed907c83b722bb9182e210ed540,True,True
C4,card,source_fullcolor,source_fullcolor/cards/C4_captain.png,384,576,384,576,86464,,False,05c9bb37fee1af557fdcbc6da0d9ab1c,True,True
C4,card,target_fullcolor,target_fullcolor/cards/C4_captain.png,48,72,48,72,3053,,False,4b9cfc89034b196874dbf310903bd849,True,True
C4,card,saturn_ready,saturn_ready/cards/C4_captain.png,48,72,48,72,15,15,False,5cfaf514ebe1ba04afc471af6a0edbb4,True,True
C5,card,source_fullcolor,source_fullcolor/cards/C5_ambassador.png,384,576,384,576,111983,,False,e42f2bf85917a5bb423d5be7b1f101f0,True,True
C5,card,target_fullcolor,target_fullcolor/cards/C5_ambassador.png,48,72,48,72,3276,,False,08942766208192cdfacb843b6b395d2c,True,True
C5,card,saturn_ready,saturn_ready/cards/C5_ambassador.png,48,72,48,72,15,15,False,2ed4f9997b1f6913db45fac8ea165759,True,True
C6,card,source_fullcolor,source_fullcolor/cards/C6_contessa.png,384,576,384,576,97289,,False,e15aaedfab35afb60bdc2752e7ae9bf7,True,True
C6,card,target_fullcolor,target_fullcolor/cards/C6_contessa.png,48,72,48,72,3139,,False,967ec483d1e410fc5a6ae2736277d4f1,True,True
C6,card,saturn_ready,saturn_ready/cards/C6_contessa.png,48,72,48,72,15,15,False,18e0f0a826fb16829791600cc17b6c29,True,True
U1,ui_sprite,source_fullcolor,source_fullcolor/ui/U1_coin1.png,128,128,128,128,8698,,True,ad7a38bfa2da26b5d5e0f6c4a2e1ea5a,True,True
U1,ui_sprite,target_fullcolor,target_fullcolor/ui/U1_coin1.png,16,16,16,16,151,,True,2b98b9eb55ee258ec51105e2475ad6a5,True,True
U1,ui_sprite,saturn_ready,saturn_ready/ui/U1_coin1.png,16,16,16,16,14,16,True,fe5d285312ad0de0c3997585f65b11d3,True,True
U2,ui_sprite,source_fullcolor,source_fullcolor/ui/U2_coin2.png,128,128,128,128,8548,,True,e3a8988a59b9c578af481697b37bf095,True,True
U2,ui_sprite,target_fullcolor,target_fullcolor/ui/U2_coin2.png,16,16,16,16,148,,True,c106e06e2eb262083d2e0d88a0065991,True,True
U2,ui_sprite,saturn_ready,saturn_ready/ui/U2_coin2.png,16,16,16,16,15,16,True,cb410d3e2f51648589190119ef40dc02,True,True
U3,ui_sprite,source_fullcolor,source_fullcolor/ui/U3_coin3.png,128,128,128,128,8984,,True,e19092ba9357cd969b891ce4ec5ad1fb,True,True
U3,ui_sprite,target_fullcolor,target_fullcolor/ui/U3_coin3.png,16,16,16,16,158,,True,8772c7bbd6936aa8001c014c066eae86,True,True
U3,ui_sprite,saturn_ready,saturn_ready/ui/U3_coin3.png,16,16,16,16,16,16,True,fb6608fd6283f5fc1230db1a73d75069,True,True
U4,ui_sprite,source_fullcolor,source_fullcolor/ui/U4_coin5.png,192,128,192,128,7668,,True,c88cb8ee2327b8e838c09ea36038afef,True,True
U4,ui_sprite,target_fullcolor,target_fullcolor/ui/U4_coin5.png,24,16,24,16,131,,True,4e49df8e3a20cd5c2a342fd2e72e8415,True,True
U4,ui_sprite,saturn_ready,saturn_ready/ui/U4_coin5.png,24,16,24,16,15,16,True,8f4cf4d04bdbd958bb0ee16f442a7c03,True,True
U5,ui_sprite,source_fullcolor,source_fullcolor/ui/U5_coin10.png,192,128,192,128,6848,,True,4ee805a9b10dc4160aeb7258a6cbcb87,True,True
U5,ui_sprite,target_fullcolor,target_fullcolor/ui/U5_coin10.png,24,16,24,16,125,,True,6cfb8336512e86f2aee83a7dd830a5bb,True,True
U5,ui_sprite,saturn_ready,saturn_ready/ui/U5_coin10.png,24,16,24,16,16,16,True,7825b9f27af533f2c445c55ae0856e2b,True,True
U6,ui_sprite,source_fullcolor,source_fullcolor/ui/U6_treasury.png,256,192,256,192,22180,,True,082385e31c5b52afccb5b33b811ad416,True,True
U6,ui_sprite,target_fullcolor,target_fullcolor/ui/U6_treasury.png,32,24,32,24,380,,True,8628ddcf22ae14e35607a67c6e2138ca,True,True
U6,ui_sprite,saturn_ready,saturn_ready/ui/U6_treasury.png,32,24,32,24,16,16,True,00e592d2cbc40532850fa045578d6554,True,True
U7,ui_sprite,source_fullcolor,source_fullcolor/ui/U7_victory.png,1024,256,1024,256,81214,,True,2bf6271e845c4d87c5420cee06e021d6,True,True
U7,ui_sprite,target_fullcolor,target_fullcolor/ui/U7_victory.png,128,32,128,32,2178,,True,5bc3191a432e62523ac4cef5a383023a,True,True
U7,ui_sprite,saturn_ready,saturn_ready/ui/U7_victory.png,128,32,128,32,16,16,True,15c7a0a892dfee19a304babf96a7dd53,True,True
U8,ui_sprite,source_fullcolor,source_fullcolor/ui/U8_defeat.png,1024,256,1024,256,77016,,True,9b5e7913a514062b3489cc9777d7cdb7,True,True
U8,ui_sprite,target_fullcolor,target_fullcolor/ui/U8_defeat.png,128,32,128,32,1974,,True,aa8768db71a852be3de8564b11ca4897,True,True
U8,ui_sprite,saturn_ready,saturn_ready/ui/U8_defeat.png,128,32,128,32,16,16,True,bb914f6b498795da40d3906888d8d156,True,True
U9,ui_sprite,source_fullcolor,source_fullcolor/ui/U9_skull.png,128,128,128,128,5327,,True,5edf33159249a11a52a5b0c2f4f3c09b,True,True
U9,ui_sprite,target_fullcolor,target_fullcolor/ui/U9_skull.png,16,16,16,16,97,,True,73fea9fd2308759af2096fe4ffaf3c49,True,True
U9,ui_sprite,saturn_ready,saturn_ready/ui/U9_skull.png,16,16,16,16,16,16,True,46df1c31b598144c0c9f403e5ba47dcf,True,True
U10,ui_sprite,source_fullcolor,source_fullcolor/ui/U10_shield.png,128,128,128,128,7561,,True,3f281267b604def310f8ffe387858a4f,True,True
U10,ui_sprite,target_fullcolor,target_fullcolor/ui/U10_shield.png,16,16,16,16,130,,True,e60b2fd6251b80970886756d0e4a061a,True,True
U10,ui_sprite,saturn_ready,saturn_ready/ui/U10_shield.png,16,16,16,16,15,16,True,d93076b7cf48be742d521abf58a8708a,True,True
U11,ui_sprite,source_fullcolor,source_fullcolor/ui/U11_question.png,128,128,128,128,7132,,True,391ed8e271373670ae3d9ae3d2837cfb,True,True
U11,ui_sprite,target_fullcolor,target_fullcolor/ui/U11_question.png,16,16,16,16,129,,True,e2f94849883beda9ada82539f30ca9cd,True,True
U11,ui_sprite,saturn_ready,saturn_ready/ui/U11_question.png,16,16,16,16,15,16,True,226f52044a037419314428280d0d557b,True,True
U12,ui_sprite,source_fullcolor,source_fullcolor/ui/U12_crown.png,128,128,128,128,7183,,True,1bfbe0c89a5f44bdb7dcee66a1d75671,True,True
U12,ui_sprite,target_fullcolor,target_fullcolor/ui/U12_crown.png,16,16,16,16,127,,True,b9a46b54741c67961464c51219f274ed,True,True
U12,ui_sprite,saturn_ready,saturn_ready/ui/U12_crown.png,16,16,16,16,16,16,True,ae6806956b8853e9fe811ac38cb59be3,True,True
E1_COUP_01,effect_frame,source_fullcolor,source_fullcolor/effects/E1_coup/E1_coup_f01.png,512,512,512,512,82624,,True,28b655e4256037b2966d1fe1615c024b,True,True
E1_COUP_01,effect_frame,target_fullcolor,target_fullcolor/effects/E1_coup/E1_coup_f01.png,64,64,64,64,1384,,True,c810f290e0583fcd95b002fca75e9ceb,True,True
E1_COUP_01,effect_frame,saturn_ready,saturn_ready/effects/E1_coup/E1_coup_f01.png,64,64,64,64,16,16,True,1ce2148eee8e8e0034a61d4d249e5304,True,True
E1_COUP_02,effect_frame,source_fullcolor,source_fullcolor/effects/E1_coup/E1_coup_f02.png,512,512,512,512,96713,,True,f794f0f054fca1ba37ead66bfed1a523,True,True
E1_COUP_02,effect_frame,target_fullcolor,target_fullcolor/effects/E1_coup/E1_coup_f02.png,64,64,64,64,1718,,True,37ded84b68c2a12c118b78ba1aa1076f,True,True
E1_COUP_02,effect_frame,saturn_ready,saturn_ready/effects/E1_coup/E1_coup_f02.png,64,64,64,64,16,16,True,724919302885899ee267109f81c02cd7,True,True
E1_COUP_03,effect_frame,source_fullcolor,source_fullcolor/effects/E1_coup/E1_coup_f03.png,512,512,512,512,100189,,True,39acbd2c5f322595b0de8a3a325ca677,True,True
E1_COUP_03,effect_frame,target_fullcolor,target_fullcolor/effects/E1_coup/E1_coup_f03.png,64,64,64,64,1786,,True,74c2508208acfca3a03f6c2029898475,True,True
E1_COUP_03,effect_frame,saturn_ready,saturn_ready/effects/E1_coup/E1_coup_f03.png,64,64,64,64,16,16,True,d3c4ef4d20cb41520848eb94eb94953c,True,True
E1_COUP_04,effect_frame,source_fullcolor,source_fullcolor/effects/E1_coup/E1_coup_f04.png,512,512,512,512,90027,,True,cd6c4ac75b4bd1c94865ab05b2fe9ee3,True,True
E1_COUP_04,effect_frame,target_fullcolor,target_fullcolor/effects/E1_coup/E1_coup_f04.png,64,64,64,64,1866,,True,041e508b22ccd06d5349bc68b7b3c14f,True,True
E1_COUP_04,effect_frame,saturn_ready,saturn_ready/effects/E1_coup/E1_coup_f04.png,64,64,64,64,16,16,True,c2e80f36ec9461feea29b6b48e1c338a,True,True
E1_COUP_05,effect_frame,source_fullcolor,source_fullcolor/effects/E1_coup/E1_coup_f05.png,512,512,512,512,78040,,True,5b531b0f46c613fe1f0eeef0de96084d,True,True
E1_COUP_05,effect_frame,target_fullcolor,target_fullcolor/effects/E1_coup/E1_coup_f05.png,64,64,64,64,1511,,True,7ab05fe69b08eb7013add4e24b67bb82,True,True
E1_COUP_05,effect_frame,saturn_ready,saturn_ready/effects/E1_coup/E1_coup_f05.png,64,64,64,64,16,16,True,b0890d21b44fad933410586a77b54833,True,True
E1_COUP_06,effect_frame,source_fullcolor,source_fullcolor/effects/E1_coup/E1_coup_f06.png,512,512,512,512,53644,,True,4c3141e165831b31941ca2bd231bde60,True,True
E1_COUP_06,effect_frame,target_fullcolor,target_fullcolor/effects/E1_coup/E1_coup_f06.png,64,64,64,64,1312,,True,065f9d06119bc9f4985a6312ea61f3a9,True,True
E1_COUP_06,effect_frame,saturn_ready,saturn_ready/effects/E1_coup/E1_coup_f06.png,64,64,64,64,15,16,True,4cbd6bd8525bbab6906431a3a28c2144,True,True
E1_COUP_07,effect_frame,source_fullcolor,source_fullcolor/effects/E1_coup/E1_coup_f07.png,512,512,512,512,16326,,True,34285e60917de9b7ad4c18b7cac9b1fd,True,True
E1_COUP_07,effect_frame,target_fullcolor,target_fullcolor/effects/E1_coup/E1_coup_f07.png,64,64,64,64,766,,True,525cffbfcaac1a8da4218ed6de28b5a0,True,True
E1_COUP_07,effect_frame,saturn_ready,saturn_ready/effects/E1_coup/E1_coup_f07.png,64,64,64,64,15,16,True,77efa2f0e41a1cbc2ee2f3e95bca47ff,True,True
E1_COUP_08,effect_frame,source_fullcolor,source_fullcolor/effects/E1_coup/E1_coup_f08.png,512,512,512,512,4677,,True,c2d6cd6bc7280c9ef3f4d31b57f4cea0,True,True
E1_COUP_08,effect_frame,target_fullcolor,target_fullcolor/effects/E1_coup/E1_coup_f08.png,64,64,64,64,340,,True,39de753b9c98d972b8f00ad4a4546bdc,True,True
E1_COUP_08,effect_frame,saturn_ready,saturn_ready/effects/E1_coup/E1_coup_f08.png,64,64,64,64,15,16,True,dc76b4862ceb306d6f6eebbaaf812ba9,True,True
E2_ASSASSINATE_01,effect_frame,source_fullcolor,source_fullcolor/effects/E2_assassinate/E2_assassinate_f01.png,512,512,512,512,41681,,True,2ad62e7167394b49ad95150f10fbf568,True,True
E2_ASSASSINATE_01,effect_frame,target_fullcolor,target_fullcolor/effects/E2_assassinate/E2_assassinate_f01.png,64,64,64,64,610,,True,f32921437456cc8fcbc8468f6e20c61a,True,True
E2_ASSASSINATE_01,effect_frame,saturn_ready,saturn_ready/effects/E2_assassinate/E2_assassinate_f01.png,64,64,64,64,16,16,True,00361d6f5997d9005a145fc5097bac3f,True,True
E2_ASSASSINATE_02,effect_frame,source_fullcolor,source_fullcolor/effects/E2_assassinate/E2_assassinate_f02.png,512,512,512,512,63303,,True,a45324063e38bcd99ef2ee72cd89b2dd,True,True
E2_ASSASSINATE_02,effect_frame,target_fullcolor,target_fullcolor/effects/E2_assassinate/E2_assassinate_f02.png,64,64,64,64,1140,,True,7af3c1f030be8564aabd615ddd5b3f20,True,True
E2_ASSASSINATE_02,effect_frame,saturn_ready,saturn_ready/effects/E2_assassinate/E2_assassinate_f02.png,64,64,64,64,16,16,True,aeec544dae5b4a9a83c9910b669bc0bf,True,True
E2_ASSASSINATE_03,effect_frame,source_fullcolor,source_fullcolor/effects/E2_assassinate/E2_assassinate_f03.png,512,512,512,512,59526,,True,a21da62ce164490a5ce6e4d906ba87d6,True,True
E2_ASSASSINATE_03,effect_frame,target_fullcolor,target_fullcolor/effects/E2_assassinate/E2_assassinate_f03.png,64,64,64,64,1033,,True,02d90711e1c5d35773d025af5911c0de,True,True
E2_ASSASSINATE_03,effect_frame,saturn_ready,saturn_ready/effects/E2_assassinate/E2_assassinate_f03.png,64,64,64,64,16,16,True,03c82334931222079843ae1b5afb1e78,True,True
E2_ASSASSINATE_04,effect_frame,source_fullcolor,source_fullcolor/effects/E2_assassinate/E2_assassinate_f04.png,512,512,512,512,72583,,True,cf97b1e77319b6645f2153ea337e93b7,True,True
E2_ASSASSINATE_04,effect_frame,target_fullcolor,target_fullcolor/effects/E2_assassinate/E2_assassinate_f04.png,64,64,64,64,1379,,True,13f86b3dd17833845daa45c1f1dbaa35,True,True
E2_ASSASSINATE_04,effect_frame,saturn_ready,saturn_ready/effects/E2_assassinate/E2_assassinate_f04.png,64,64,64,64,16,16,True,4349adffd46d36c54ef191de555c9591,True,True
E2_ASSASSINATE_05,effect_frame,source_fullcolor,source_fullcolor/effects/E2_assassinate/E2_assassinate_f05.png,512,512,512,512,37771,,True,d4c56838942a1c659e6c97628b410245,True,True
E2_ASSASSINATE_05,effect_frame,target_fullcolor,target_fullcolor/effects/E2_assassinate/E2_assassinate_f05.png,64,64,64,64,662,,True,48907e0a8e8fb1b2d267afa9dfa9d967,True,True
E2_ASSASSINATE_05,effect_frame,saturn_ready,saturn_ready/effects/E2_assassinate/E2_assassinate_f05.png,64,64,64,64,16,16,True,3bb19243717abba596d5a30c3863b2f3,True,True
E2_ASSASSINATE_06,effect_frame,source_fullcolor,source_fullcolor/effects/E2_assassinate/E2_assassinate_f06.png,512,512,512,512,22717,,True,43f9745d824c0480bbc01c785cc7d26b,True,True
E2_ASSASSINATE_06,effect_frame,target_fullcolor,target_fullcolor/effects/E2_assassinate/E2_assassinate_f06.png,64,64,64,64,345,,True,a10a9d308993b1ddb57a0c9690743869,True,True
E2_ASSASSINATE_06,effect_frame,saturn_ready,saturn_ready/effects/E2_assassinate/E2_assassinate_f06.png,64,64,64,64,15,16,True,5e10c45f6377c7ee888ba8b4d08da92e,True,True
E2_ASSASSINATE_07,effect_frame,source_fullcolor,source_fullcolor/effects/E2_assassinate/E2_assassinate_f07.png,512,512,512,512,10994,,True,c8a203bbadff31b128636c9cd4d44714,True,True
E2_ASSASSINATE_07,effect_frame,target_fullcolor,target_fullcolor/effects/E2_assassinate/E2_assassinate_f07.png,64,64,64,64,147,,True,b0370c6e9561bf1f7b3744b87eaaee9f,True,True
E2_ASSASSINATE_07,effect_frame,saturn_ready,saturn_ready/effects/E2_assassinate/E2_assassinate_f07.png,64,64,64,64,15,16,True,647226bc684ddbe4c81cfb5f3e66fb45,True,True
E2_ASSASSINATE_08,effect_frame,source_fullcolor,source_fullcolor/effects/E2_assassinate/E2_assassinate_f08.png,512,512,512,512,6904,,True,35531e625edc0efb04cc1f1d7181f1f9,True,True
E2_ASSASSINATE_08,effect_frame,target_fullcolor,target_fullcolor/effects/E2_assassinate/E2_assassinate_f08.png,64,64,64,64,85,,True,1fd87f60dba3f50901691299acc3b61c,True,True
E2_ASSASSINATE_08,effect_frame,saturn_ready,saturn_ready/effects/E2_assassinate/E2_assassinate_f08.png,64,64,64,64,15,16,True,1bd9e3456e8b42715b2001853486af56,True,True
E3_STEAL_01,effect_frame,source_fullcolor,source_fullcolor/effects/E3_steal/E3_steal_f01.png,512,256,512,256,26086,,True,64b0dd91156222740d8943e7d79a726a,True,True
E3_STEAL_01,effect_frame,target_fullcolor,target_fullcolor/effects/E3_steal/E3_steal_f01.png,64,32,64,32,465,,True,40d9e79d46fefa91418c60c297b932b5,True,True
E3_STEAL_01,effect_frame,saturn_ready,saturn_ready/effects/E3_steal/E3_steal_f01.png,64,32,64,32,16,16,True,93cdd2aa30a5bdcc7230d41c4cd0249f,True,True
E3_STEAL_02,effect_frame,source_fullcolor,source_fullcolor/effects/E3_steal/E3_steal_f02.png,512,256,512,256,35320,,True,e479937bcf9f781ae5a021a2374222e8,True,True
E3_STEAL_02,effect_frame,target_fullcolor,target_fullcolor/effects/E3_steal/E3_steal_f02.png,64,32,64,32,603,,True,42344efa89dad345d47c5eecedeaf506,True,True
E3_STEAL_02,effect_frame,saturn_ready,saturn_ready/effects/E3_steal/E3_steal_f02.png,64,32,64,32,16,16,True,c017834f5c41d6cd79794c71d4e7176e,True,True
E3_STEAL_03,effect_frame,source_fullcolor,source_fullcolor/effects/E3_steal/E3_steal_f03.png,512,256,512,256,34144,,True,b3df8a9fd542e50e195ad9bf690b441c,True,True
E3_STEAL_03,effect_frame,target_fullcolor,target_fullcolor/effects/E3_steal/E3_steal_f03.png,64,32,64,32,585,,True,aa96ee1cac39c5fff8feda18c2712852,True,True
E3_STEAL_03,effect_frame,saturn_ready,saturn_ready/effects/E3_steal/E3_steal_f03.png,64,32,64,32,16,16,True,be56388dd55955c0fe3c786c9bcb3c71,True,True
E3_STEAL_04,effect_frame,source_fullcolor,source_fullcolor/effects/E3_steal/E3_steal_f04.png,512,256,512,256,30973,,True,2acb298dafb9736e00aa0f7a99cdac09,True,True
E3_STEAL_04,effect_frame,target_fullcolor,target_fullcolor/effects/E3_steal/E3_steal_f04.png,64,32,64,32,473,,True,c5b8aee9429e2734eb5e9aabcd3d9173,True,True
E3_STEAL_04,effect_frame,saturn_ready,saturn_ready/effects/E3_steal/E3_steal_f04.png,64,32,64,32,16,16,True,684d264fb8540de5a67f3237dc72b3f6,True,True
E3_STEAL_05,effect_frame,source_fullcolor,source_fullcolor/effects/E3_steal/E3_steal_f05.png,512,256,512,256,24394,,True,3bbb8065fdf9c803b3fa63b9c47fb592,True,True
E3_STEAL_05,effect_frame,target_fullcolor,target_fullcolor/effects/E3_steal/E3_steal_f05.png,64,32,64,32,350,,True,0e4166e54010709c1402ae18878eedd4,True,True
E3_STEAL_05,effect_frame,saturn_ready,saturn_ready/effects/E3_steal/E3_steal_f05.png,64,32,64,32,16,16,True,628c6774cc2e4611d716d9311d85feca,True,True
E3_STEAL_06,effect_frame,source_fullcolor,source_fullcolor/effects/E3_steal/E3_steal_f06.png,512,256,512,256,19632,,True,b6b38cb781e976a567e85f5e8a30e600,True,True
E3_STEAL_06,effect_frame,target_fullcolor,target_fullcolor/effects/E3_steal/E3_steal_f06.png,64,32,64,32,217,,True,f3b0c3365fae4a1226758e693aae97c7,True,True
E3_STEAL_06,effect_frame,saturn_ready,saturn_ready/effects/E3_steal/E3_steal_f06.png,64,32,64,32,16,16,True,a7556779f2da390cc0311745168466f2,True,True
E4_TAX_01,effect_frame,source_fullcolor,source_fullcolor/effects/E4_tax/E4_tax_f01.png,256,256,256,256,10281,,True,2a6ec68e21fdb2ee161766db572e4aaf,True,True
E4_TAX_01,effect_frame,target_fullcolor,target_fullcolor/effects/E4_tax/E4_tax_f01.png,32,32,32,32,149,,True,bb8357c5a7644003241e645612e0d498,True,True
E4_TAX_01,effect_frame,saturn_ready,saturn_ready/effects/E4_tax/E4_tax_f01.png,32,32,32,32,15,16,True,fed13cbe273228641df7d93ab4394e7e,True,True
E4_TAX_02,effect_frame,source_fullcolor,source_fullcolor/effects/E4_tax/E4_tax_f02.png,256,256,256,256,15452,,True,03080a74490ffa36384635f69194c529,True,True
E4_TAX_02,effect_frame,target_fullcolor,target_fullcolor/effects/E4_tax/E4_tax_f02.png,32,32,32,32,225,,True,83340736af52158ca8e36c9c73f11351,True,True
E4_TAX_02,effect_frame,saturn_ready,saturn_ready/effects/E4_tax/E4_tax_f02.png,32,32,32,32,16,16,True,e060e350b3b91cc0237dbb3fade512f8,True,True
E4_TAX_03,effect_frame,source_fullcolor,source_fullcolor/effects/E4_tax/E4_tax_f03.png,256,256,256,256,15250,,True,6eff1bcdc820a5686bc0c50a1cb4061c,True,True
E4_TAX_03,effect_frame,target_fullcolor,target_fullcolor/effects/E4_tax/E4_tax_f03.png,32,32,32,32,214,,True,377e52f45933c59a38b2d16a554e04f2,True,True
E4_TAX_03,effect_frame,saturn_ready,saturn_ready/effects/E4_tax/E4_tax_f03.png,32,32,32,32,16,16,True,20785812b87b4c736bffc15b5d186cd8,True,True
E4_TAX_04,effect_frame,source_fullcolor,source_fullcolor/effects/E4_tax/E4_tax_f04.png,256,256,256,256,18822,,True,ec02cf7ac21c0d7691d12ea8c27a7874,True,True
E4_TAX_04,effect_frame,target_fullcolor,target_fullcolor/effects/E4_tax/E4_tax_f04.png,32,32,32,32,279,,True,0c482b4be14c4de6f05307fe6531ee14,True,True
E4_TAX_04,effect_frame,saturn_ready,saturn_ready/effects/E4_tax/E4_tax_f04.png,32,32,32,32,16,16,True,c984a801874a3060ec95c9620aba112c,True,True
E4_TAX_05,effect_frame,source_fullcolor,source_fullcolor/effects/E4_tax/E4_tax_f05.png,256,256,256,256,14294,,True,562cb847fa77e7227c06a389b17487e9,True,True
E4_TAX_05,effect_frame,target_fullcolor,target_fullcolor/effects/E4_tax/E4_tax_f05.png,32,32,32,32,174,,True,e6d04f913bb33e1179059ae01fb7a5c7,True,True
E4_TAX_05,effect_frame,saturn_ready,saturn_ready/effects/E4_tax/E4_tax_f05.png,32,32,32,32,16,16,True,9ff38d5dcf3ad38c536674e6b5d016d0,True,True
E4_TAX_06,effect_frame,source_fullcolor,source_fullcolor/effects/E4_tax/E4_tax_f06.png,256,256,256,256,12936,,True,d9c88981f75ed20d251f8d3fff161b87,True,True
E4_TAX_06,effect_frame,target_fullcolor,target_fullcolor/effects/E4_tax/E4_tax_f06.png,32,32,32,32,159,,True,eb3da8d1e6b51a4e7f443fed9241e647,True,True
E4_TAX_06,effect_frame,saturn_ready,saturn_ready/effects/E4_tax/E4_tax_f06.png,32,32,32,32,16,16,True,2870523db653303dc7f42639ff54e0a7,True,True
E5_EXCHANGE_01,effect_frame,source_fullcolor,source_fullcolor/effects/E5_exchange/E5_exchange_f01.png,512,256,512,256,45142,,True,67e32cdff5301348bdd72b87f0769abc,True,True
E5_EXCHANGE_01,effect_frame,target_fullcolor,target_fullcolor/effects/E5_exchange/E5_exchange_f01.png,64,32,64,32,747,,True,b9a281d325291bf2fbb72a21fe094506,True,True
E5_EXCHANGE_01,effect_frame,saturn_ready,saturn_ready/effects/E5_exchange/E5_exchange_f01.png,64,32,64,32,15,16,True,332187c69642f55df70966d003f07318,True,True
E5_EXCHANGE_02,effect_frame,source_fullcolor,source_fullcolor/effects/E5_exchange/E5_exchange_f02.png,512,256,512,256,33527,,True,df528b391d467ff191ca7d3267d7a8b0,True,True
E5_EXCHANGE_02,effect_frame,target_fullcolor,target_fullcolor/effects/E5_exchange/E5_exchange_f02.png,64,32,64,32,455,,True,1ad7337cbd8ef5afc2503edc884a7889,True,True
E5_EXCHANGE_02,effect_frame,saturn_ready,saturn_ready/effects/E5_exchange/E5_exchange_f02.png,64,32,64,32,15,16,True,db94ce1f9ac69714e80f6811be98c2e5,True,True
E5_EXCHANGE_03,effect_frame,source_fullcolor,source_fullcolor/effects/E5_exchange/E5_exchange_f03.png,512,256,512,256,32721,,True,f87f49ade342dccd4eb3f1eab0d4ada8,True,True
E5_EXCHANGE_03,effect_frame,target_fullcolor,target_fullcolor/effects/E5_exchange/E5_exchange_f03.png,64,32,64,32,427,,True,f75e502f9665da7a6854c474e24a2425,True,True
E5_EXCHANGE_03,effect_frame,saturn_ready,saturn_ready/effects/E5_exchange/E5_exchange_f03.png,64,32,64,32,15,16,True,3b7c0a332afd1c957dd7effb4ee3d8a2,True,True
E5_EXCHANGE_04,effect_frame,source_fullcolor,source_fullcolor/effects/E5_exchange/E5_exchange_f04.png,512,256,512,256,35806,,True,edc7f09bf73fb20f5101fc434ec913b7,True,True
E5_EXCHANGE_04,effect_frame,target_fullcolor,target_fullcolor/effects/E5_exchange/E5_exchange_f04.png,64,32,64,32,595,,True,f879854c783ffa7dabf012cecf1f1211,True,True
E5_EXCHANGE_04,effect_frame,saturn_ready,saturn_ready/effects/E5_exchange/E5_exchange_f04.png,64,32,64,32,15,16,True,b4e7020bf426f2682497c043051d8fc5,True,True
E5_EXCHANGE_05,effect_frame,source_fullcolor,source_fullcolor/effects/E5_exchange/E5_exchange_f05.png,512,256,512,256,27573,,True,43acc0cf581df8e1dd3af2b1153b5648,True,True
E5_EXCHANGE_05,effect_frame,target_fullcolor,target_fullcolor/effects/E5_exchange/E5_exchange_f05.png,64,32,64,32,365,,True,118d310d1eff3b505cf7477d71132863,True,True
E5_EXCHANGE_05,effect_frame,saturn_ready,saturn_ready/effects/E5_exchange/E5_exchange_f05.png,64,32,64,32,15,16,True,46dfbe17287ddc6accace1ba34d8b2a7,True,True
E5_EXCHANGE_06,effect_frame,source_fullcolor,source_fullcolor/effects/E5_exchange/E5_exchange_f06.png,512,256,512,256,37817,,True,cb008c9e4b25cc7405392b7ed7af5749,True,True
E5_EXCHANGE_06,effect_frame,target_fullcolor,target_fullcolor/effects/E5_exchange/E5_exchange_f06.png,64,32,64,32,595,,True,051e3addbf2292384613502d8a13805b,True,True
E5_EXCHANGE_06,effect_frame,saturn_ready,saturn_ready/effects/E5_exchange/E5_exchange_f06.png,64,32,64,32,15,16,True,a6460ee1f649e938baa0cb2072afaac3,True,True
E5_EXCHANGE_07,effect_frame,source_fullcolor,source_fullcolor/effects/E5_exchange/E5_exchange_f07.png,512,256,512,256,42006,,True,bb9158752e3e324b2756cbd08eee4a92,True,True
E5_EXCHANGE_07,effect_frame,target_fullcolor,target_fullcolor/effects/E5_exchange/E5_exchange_f07.png,64,32,64,32,695,,True,3a2bba5b3509740fc88046dfcb37d509,True,True
E5_EXCHANGE_07,effect_frame,saturn_ready,saturn_ready/effects/E5_exchange/E5_exchange_f07.png,64,32,64,32,15,16,True,22c74a242d751882212abfaece0ef3af,True,True
E5_EXCHANGE_08,effect_frame,source_fullcolor,source_fullcolor/effects/E5_exchange/E5_exchange_f08.png,512,256,512,256,42978,,True,8fd731209518a4b89066aec7c2c2d3b2,True,True
E5_EXCHANGE_08,effect_frame,target_fullcolor,target_fullcolor/effects/E5_exchange/E5_exchange_f08.png,64,32,64,32,702,,True,8fb3e74d9123c755a99972b186095886,True,True
E5_EXCHANGE_08,effect_frame,saturn_ready,saturn_ready/effects/E5_exchange/E5_exchange_f08.png,64,32,64,32,15,16,True,010b9a4f62202a2ad9caac0859b46e6f,True,True
E6_BLOCK_01,effect_frame,source_fullcolor,source_fullcolor/effects/E6_block/E6_block_f01.png,512,512,512,512,31985,,True,4c8d93109667328aa30f907711a93b5a,True,True
E6_BLOCK_01,effect_frame,target_fullcolor,target_fullcolor/effects/E6_block/E6_block_f01.png,64,64,64,64,641,,True,098d2e127f8c8bb1c3bffbe395050c56,True,True
E6_BLOCK_01,effect_frame,saturn_ready,saturn_ready/effects/E6_block/E6_block_f01.png,64,64,64,64,15,16,True,86b1b1f91d3f235f6b40a649ee7b3d40,True,True
E6_BLOCK_02,effect_frame,source_fullcolor,source_fullcolor/effects/E6_block/E6_block_f02.png,512,512,512,512,60911,,True,e996b817a9586b00f77fe9dd75a6937c,True,True
E6_BLOCK_02,effect_frame,target_fullcolor,target_fullcolor/effects/E6_block/E6_block_f02.png,64,64,64,64,1320,,True,5ffad9219c6881f92c7287b03e226fdf,True,True
E6_BLOCK_02,effect_frame,saturn_ready,saturn_ready/effects/E6_block/E6_block_f02.png,64,64,64,64,15,16,True,4cb40c52dff843c6763db496b170cd52,True,True
E6_BLOCK_03,effect_frame,source_fullcolor,source_fullcolor/effects/E6_block/E6_block_f03.png,512,512,512,512,54376,,True,c4bc92a4f82122d533aa680170044e8b,True,True
E6_BLOCK_03,effect_frame,target_fullcolor,target_fullcolor/effects/E6_block/E6_block_f03.png,64,64,64,64,1061,,True,de509461ae1e9f036ff0a3a3a258340f,True,True
E6_BLOCK_03,effect_frame,saturn_ready,saturn_ready/effects/E6_block/E6_block_f03.png,64,64,64,64,14,16,True,3ff922187cbc0368c3159ae51307e0a1,True,True
E6_BLOCK_04,effect_frame,source_fullcolor,source_fullcolor/effects/E6_block/E6_block_f04.png,512,512,512,512,65349,,True,f59f88eb9aba60824e7bf9f4f282849d,True,True
E6_BLOCK_04,effect_frame,target_fullcolor,target_fullcolor/effects/E6_block/E6_block_f04.png,64,64,64,64,1325,,True,c401bb1c50e64ae46c47531d4c553ac0,True,True
E6_BLOCK_04,effect_frame,saturn_ready,saturn_ready/effects/E6_block/E6_block_f04.png,64,64,64,64,15,16,True,ab0abe1dcb80ebb3cdbbfb50eee8ec4f,True,True
E6_BLOCK_05,effect_frame,source_fullcolor,source_fullcolor/effects/E6_block/E6_block_f05.png,512,512,512,512,50482,,True,4fce827bc83ca451d255f34e59bb2f89,True,True
E6_BLOCK_05,effect_frame,target_fullcolor,target_fullcolor/effects/E6_block/E6_block_f05.png,64,64,64,64,1224,,True,93e727fdb7e6704362be70ebc3c47e31,True,True
E6_BLOCK_05,effect_frame,saturn_ready,saturn_ready/effects/E6_block/E6_block_f05.png,64,64,64,64,15,16,True,df8f5b3dad5efc4b65abe6dda8acd5b8,True,True
E6_BLOCK_06,effect_frame,source_fullcolor,source_fullcolor/effects/E6_block/E6_block_f06.png,512,512,512,512,24674,,True,fa86fd8ae4ab3ebc092c80b2bbe39fe7,True,True
E6_BLOCK_06,effect_frame,target_fullcolor,target_fullcolor/effects/E6_block/E6_block_f06.png,64,64,64,64,587,,True,d68afa2367200cfb84f60ceb2f12bbbe,True,True
E6_BLOCK_06,effect_frame,saturn_ready,saturn_ready/effects/E6_block/E6_block_f06.png,64,64,64,64,15,16,True,84e92a7b57f598b530b54dc506d8200b,True,True
E7_CHALLENGE_01,effect_frame,source_fullcolor,source_fullcolor/effects/E7_challenge/E7_challenge_f01.png,512,512,512,512,39582,,True,dd72b0daa525ad6e3c9856e2d363f9e5,True,True
E7_CHALLENGE_01,effect_frame,target_fullcolor,target_fullcolor/effects/E7_challenge/E7_challenge_f01.png,64,64,64,64,719,,True,996ae3355d2f806f31bbcea2ba5a095a,True,True
E7_CHALLENGE_01,effect_frame,saturn_ready,saturn_ready/effects/E7_challenge/E7_challenge_f01.png,64,64,64,64,15,16,True,35ec8001e773dae79e99b7812543704a,True,True
E7_CHALLENGE_02,effect_frame,source_fullcolor,source_fullcolor/effects/E7_challenge/E7_challenge_f02.png,512,512,512,512,38588,,True,513138ff748dec332371aa7d88629c31,True,True
E7_CHALLENGE_02,effect_frame,target_fullcolor,target_fullcolor/effects/E7_challenge/E7_challenge_f02.png,64,64,64,64,757,,True,aa67eb30ec9acdc996b40eb269961e60,True,True
E7_CHALLENGE_02,effect_frame,saturn_ready,saturn_ready/effects/E7_challenge/E7_challenge_f02.png,64,64,64,64,15,16,True,d0cd86d36fad78121c3a6bbf4b52d7bd,True,True
E7_CHALLENGE_03,effect_frame,source_fullcolor,source_fullcolor/effects/E7_challenge/E7_challenge_f03.png,512,512,512,512,37782,,True,5e32e296275d8bbae679dc295e500182,True,True
E7_CHALLENGE_03,effect_frame,target_fullcolor,target_fullcolor/effects/E7_challenge/E7_challenge_f03.png,64,64,64,64,706,,True,82c4b5099e1af1d9267074ba546b6fd2,True,True
E7_CHALLENGE_03,effect_frame,saturn_ready,saturn_ready/effects/E7_challenge/E7_challenge_f03.png,64,64,64,64,15,16,True,8526b7a64c6afc1a34062234d8a34916,True,True
E7_CHALLENGE_04,effect_frame,source_fullcolor,source_fullcolor/effects/E7_challenge/E7_challenge_f04.png,512,512,512,512,32754,,True,1ddc50be23d9de6a70622788c141cbae,True,True
E7_CHALLENGE_04,effect_frame,target_fullcolor,target_fullcolor/effects/E7_challenge/E7_challenge_f04.png,64,64,64,64,567,,True,e801eb42bb17a3e608d54370115bdbb2,True,True
E7_CHALLENGE_04,effect_frame,saturn_ready,saturn_ready/effects/E7_challenge/E7_challenge_f04.png,64,64,64,64,15,16,True,8444c6fef07022f5f1a152149abd11f6,True,True
E7_CHALLENGE_05,effect_frame,source_fullcolor,source_fullcolor/effects/E7_challenge/E7_challenge_f05.png,512,512,512,512,15631,,True,8f4caf4912af958ebfc6fa2fc7130c6a,True,True
E7_CHALLENGE_05,effect_frame,target_fullcolor,target_fullcolor/effects/E7_challenge/E7_challenge_f05.png,64,64,64,64,222,,True,8e3ca9822a3f5dec8dccb43ef5dc00a8,True,True
E7_CHALLENGE_05,effect_frame,saturn_ready,saturn_ready/effects/E7_challenge/E7_challenge_f05.png,64,64,64,64,15,16,True,7653187953e118ddc4ca4d058739d78d,True,True
E7_CHALLENGE_06,effect_frame,source_fullcolor,source_fullcolor/effects/E7_challenge/E7_challenge_f06.png,512,512,512,512,13657,,True,491b60a3c58bcf190a59cb303203129c,True,True
E7_CHALLENGE_06,effect_frame,target_fullcolor,target_fullcolor/effects/E7_challenge/E7_challenge_f06.png,64,64,64,64,152,,True,b935ae0f814a0cd273d7fe084823ab78,True,True
E7_CHALLENGE_06,effect_frame,saturn_ready,saturn_ready/effects/E7_challenge/E7_challenge_f06.png,64,64,64,64,15,16,True,8eb44538be5788d5f89b255640e74ba9,True,True
E8_CARD_FLIP_01,effect_frame,source_fullcolor,source_fullcolor/effects/E8_card_flip/E8_card_flip_f01.png,384,576,384,576,42174,,True,f2c4ae1e888014e75609eeb87edc2573,True,True
E8_CARD_FLIP_01,effect_frame,target_fullcolor,target_fullcolor/effects/E8_card_flip/E8_card_flip_f01.png,48,72,48,72,1698,,True,f1f122d6d233b58badf40fca363d37a7,True,True
E8_CARD_FLIP_01,effect_frame,saturn_ready,saturn_ready/effects/E8_card_flip/E8_card_flip_f01.png,48,72,48,72,16,16,True,f0af4fd4ecace56c74769c8cd9ccff2d,True,True
E8_CARD_FLIP_02,effect_frame,source_fullcolor,source_fullcolor/effects/E8_card_flip/E8_card_flip_f02.png,384,576,384,576,40913,,True,f1b3e8fba9c71befcfa14769e36def7c,True,True
E8_CARD_FLIP_02,effect_frame,target_fullcolor,target_fullcolor/effects/E8_card_flip/E8_card_flip_f02.png,48,72,48,72,1638,,True,429aa696daa282fd0305a26cb5bab408,True,True
E8_CARD_FLIP_02,effect_frame,saturn_ready,saturn_ready/effects/E8_card_flip/E8_card_flip_f02.png,48,72,48,72,16,16,True,a113115a87a456af06a58d1a9c2b570e,True,True
E8_CARD_FLIP_03,effect_frame,source_fullcolor,source_fullcolor/effects/E8_card_flip/E8_card_flip_f03.png,384,576,384,576,23398,,True,ecfe9828a1a6e93d2891c26744c8464b,True,True
E8_CARD_FLIP_03,effect_frame,target_fullcolor,target_fullcolor/effects/E8_card_flip/E8_card_flip_f03.png,48,72,48,72,457,,True,73fb8d79bd9e22c0c8f3c5d0a978fe58,True,True
E8_CARD_FLIP_03,effect_frame,saturn_ready,saturn_ready/effects/E8_card_flip/E8_card_flip_f03.png,48,72,48,72,16,16,True,f51ed8e0dccb18d70fa1dbc1f75ca9ed,True,True
E8_CARD_FLIP_04,effect_frame,source_fullcolor,source_fullcolor/effects/E8_card_flip/E8_card_flip_f04.png,384,576,384,576,18978,,True,b3d110bdfcb8f537d3e9bf256d6111c1,True,True
E8_CARD_FLIP_04,effect_frame,target_fullcolor,target_fullcolor/effects/E8_card_flip/E8_card_flip_f04.png,48,72,48,72,311,,True,bd112ae93c24d8693add0ae7f8b2f793,True,True
E8_CARD_FLIP_04,effect_frame,saturn_ready,saturn_ready/effects/E8_card_flip/E8_card_flip_f04.png,48,72,48,72,15,16,True,f7e5fb216b7077517a346ff21f1879bd,True,True
E8_CARD_FLIP_05,effect_frame,source_fullcolor,source_fullcolor/effects/E8_card_flip/E8_card_flip_f05.png,384,576,384,576,39653,,True,cbad71533d50282f4f3020cd4a66e269,True,True
E8_CARD_FLIP_05,effect_frame,target_fullcolor,target_fullcolor/effects/E8_card_flip/E8_card_flip_f05.png,48,72,48,72,650,,True,7a690aa8fc7d30bbb0b1d431e1e0dfac,True,True
E8_CARD_FLIP_05,effect_frame,saturn_ready,saturn_ready/effects/E8_card_flip/E8_card_flip_f05.png,48,72,48,72,16,16,True,4c617844e5c1bb009b753c8316d63acd,True,True
E8_CARD_FLIP_06,effect_frame,source_fullcolor,source_fullcolor/effects/E8_card_flip/E8_card_flip_f06.png,384,576,384,576,62980,,True,fbe00ab5a8194c12fe54ff8ab2ff3183,True,True
E8_CARD_FLIP_06,effect_frame,target_fullcolor,target_fullcolor/effects/E8_card_flip/E8_card_flip_f06.png,48,72,48,72,1204,,True,fa242e7fb6034b44ff35218bfd633986,True,True
E8_CARD_FLIP_06,effect_frame,saturn_ready,saturn_ready/effects/E8_card_flip/E8_card_flip_f06.png,48,72,48,72,15,16,True,43e68d2d5ae55e70e34019f7236f50aa,True,True
E8_CARD_FLIP_07,effect_frame,source_fullcolor,source_fullcolor/effects/E8_card_flip/E8_card_flip_f07.png,384,576,384,576,72934,,True,8ab2641ec283fa1bf5812a916636a211,True,True
E8_CARD_FLIP_07,effect_frame,target_fullcolor,target_fullcolor/effects/E8_card_flip/E8_card_flip_f07.png,48,72,48,72,1512,,True,abb4c9d52f9da348612e134ae34667f8,True,True
E8_CARD_FLIP_07,effect_frame,saturn_ready,saturn_ready/effects/E8_card_flip/E8_card_flip_f07.png,48,72,48,72,16,16,True,b6d0060f9a30f649b56e8ac4d55db2a0,True,True
E8_CARD_FLIP_08,effect_frame,source_fullcolor,source_fullcolor/effects/E8_card_flip/E8_card_flip_f08.png,384,576,384,576,90650,,True,c27f37c388062dfe06ae04b5c76fc512,True,True
E8_CARD_FLIP_08,effect_frame,target_fullcolor,target_fullcolor/effects/E8_card_flip/E8_card_flip_f08.png,48,72,48,72,2161,,True,d7406e56fe43406bbee3020c9f620f7c,True,True
E8_CARD_FLIP_08,effect_frame,saturn_ready,saturn_ready/effects/E8_card_flip/E8_card_flip_f08.png,48,72,48,72,16,16,True,15e7917c9a2d87a7e0d617c8f8f59c89,True,True
E8_CARD_FLIP_09,effect_frame,source_fullcolor,source_fullcolor/effects/E8_card_flip/E8_card_flip_f09.png,384,576,384,576,38551,,True,10bfc4f984943bd8c044c3d2439829c1,True,True
E8_CARD_FLIP_09,effect_frame,target_fullcolor,target_fullcolor/effects/E8_card_flip/E8_card_flip_f09.png,48,72,48,72,649,,True,de8f836ccbc4da9fbb28c34f991ac34c,True,True
E8_CARD_FLIP_09,effect_frame,saturn_ready,saturn_ready/effects/E8_card_flip/E8_card_flip_f09.png,48,72,48,72,16,16,True,7d5bf280dfcdbb378fa5d58a67286eec,True,True
E8_CARD_FLIP_10,effect_frame,source_fullcolor,source_fullcolor/effects/E8_card_flip/E8_card_flip_f10.png,384,576,384,576,18454,,True,469f5558b6eb089aaca9b086bf36b7f0,True,True
E8_CARD_FLIP_10,effect_frame,target_fullcolor,target_fullcolor/effects/E8_card_flip/E8_card_flip_f10.png,48,72,48,72,302,,True,762d46b81bd42b034c413b6a17452e5b,True,True
E8_CARD_FLIP_10,effect_frame,saturn_ready,saturn_ready/effects/E8_card_flip/E8_card_flip_f10.png,48,72,48,72,15,16,True,9bcebf680787f99fc79225d25cdf0640,True,True
E8_CARD_FLIP_11,effect_frame,source_fullcolor,source_fullcolor/effects/E8_card_flip/E8_card_flip_f11.png,384,576,384,576,38000,,True,39cdb202bdfb8020cf0d50ba7b75c823,True,True
E8_CARD_FLIP_11,effect_frame,target_fullcolor,target_fullcolor/effects/E8_card_flip/E8_card_flip_f11.png,48,72,48,72,1290,,True,d38ecaf5a28b259cc6089da25fbb44ec,True,True
E8_CARD_FLIP_11,effect_frame,saturn_ready,saturn_ready/effects/E8_card_flip/E8_card_flip_f11.png,48,72,48,72,16,16,True,24752ba5406e0eada79c65e2a8778cff,True,True
E8_CARD_FLIP_12,effect_frame,source_fullcolor,source_fullcolor/effects/E8_card_flip/E8_card_flip_f12.png,384,576,384,576,39565,,True,308952164ca8ecc490e091085b004edb,True,True
E8_CARD_FLIP_12,effect_frame,target_fullcolor,target_fullcolor/effects/E8_card_flip/E8_card_flip_f12.png,48,72,48,72,1581,,True,57d6b1636b2dabff95f5898c205a314a,True,True
E8_CARD_FLIP_12,effect_frame,saturn_ready,saturn_ready/effects/E8_card_flip/E8_card_flip_f12.png,48,72,48,72,16,16,True,9819c64391852069ab07431f859859cd,True,True
L1,logo,source_fullcolor,source_fullcolor/logo/L1_wordmark.png,1024,256,1024,256,43935,,False,208b47f79bdc84b8b59fd9e123bf07c8,True,True
L1,logo,target_fullcolor,target_fullcolor/logo/L1_wordmark.png,256,64,256,64,5670,,False,ffb6ecee0821703f1dd3c6ed00c4edaa,True,True
L1,logo,saturn_ready,saturn_ready/logo/L1_wordmark.png,256,64,256,64,15,15,False,804a4f66146853a08ca216c5150e4cca,True,True
L2,splash,source_fullcolor,source_fullcolor/logo/L2_boot_splash.png,1280,896,1280,896,140078,,False,4811b936e10013f97542cb4258303538,True,True
L2,splash,target_fullcolor,target_fullcolor/logo/L2_boot_splash.png,320,224,320,224,27227,,False,b4f99d40cae9558618fa9d4eae0108c2,True,True
L2,splash,saturn_ready,saturn_ready/logo/L2_boot_splash.png,320,224,320,224,255,255,False,1f07c8651a899d9893e437de9b7ad4f0,True,True
